"Gene","Regulation","Disease","DE_ctrl_adv","DE_ctrl_early","DE_early_adv","Fold_Change_Early_Control","Fold_Change_Advanced_Control","Fold_Change_Advanced_Early","Advanced_DM_Means","Early_DM_Means","Control_noDM_Means","A11A","A12A","A13A","A14A","A15A","A17A","A18A","A19A","A20A","A21A","A22A","A23A","A24A","A25A","A26A","A28A","A29A","A30A","A31A","A32A","A33A","B3B","B4B","B5B","B6B","B8B","B9B","N2A","N3A","N5B","N6B","N7B","N8B","N10B","N12B","N13B"
"RETN","increased","Diabetes Mellitis",-0.946,0.981,-1.927,0.43,1.549,3.601,2.668,0.741,1.722,0.397763887,0.435358187,1.397102989,0.538265459,4.607630743,7.350341069,5.839359387,5.16697484,1.911560965,0.436158066,0.485446671,0.399363645,1.397102989,4.617246683,5.925599318,0.671126785,0.876175611,3.922736281,2.764771268,0.538265459,6.34809127,0.538265459,0.403363038,1.090079389,1.387928501,0.538265459,0.485446671,0.788927876,3.421145623,1.266313173,3.040142366,3.292087985,0.442557096,0.485446671,2.012436927,0.746672846
"GPR15","increased","Diabetes Mellitis",-0.33,1.803,-2.133,0.436,1.103,2.532,3.525,1.392,3.195,3.310221052,4.992126462,1.397102989,7.561968168,3.331364954,2.769487603,3.980957649,5.217230336,1.911560965,1.090079389,3.785704203,2.032767645,3.899470158,3.689148801,3.666370962,7.855036226,1.976491825,6.701168893,2.436186927,0.397763887,2.012436927,4.757084109,0.849531882,0.421760249,1.387928501,0.538265459,0.399363645,4.857742667,4.13182593,4.003707171,4.087124805,1.654634553,1.616081744,4.416166294,0.434558309,3.554440151
"LINC01924","increased","Diabetes Mellitis",-1.268,0.654,-1.922,0.666,1.648,2.474,3.226,1.304,1.958,2.97937865,2.487612698,0.945074371,2.055567944,2.447212526,2.769487603,5.101109053,4.213134902,3.264534831,5.791916165,3.282401135,2.032767645,4.408191132,3.409916366,4.852808619,3.350319706,0.876175611,2.992002333,6.25259629,2.230442202,2.012436927,0.538265459,0.849531882,1.090079389,3.785704203,0.538265459,1.021751519,0.404162917,3.421145623,3.301384602,2.158248653,3.292087985,0.442557096,3.767382294,0.434558309,0.40256316
"ACKR1","increased","Diabetes Mellitis",-3.19,0.108,-3.298,0.984,1.481,1.505,9.828,6.53,6.638,9.432538844,9.699450366,7.7379678,9.577863171,10.47659146,10.76435828,11.24980657,9.609690846,10.35020156,9.773928621,9.958690997,8.389837478,10.73035434,10.58409189,10.85802583,10.24539886,7.67837579,9.840951693,10.85361397,8.996771356,9.582632328,7.035627525,4.915226356,5.684145064,6.897958396,7.56776338,7.081931368,6.661234041,6.553187758,6.71409991,6.061869184,5.691598713,7.380134869,6.623160835,6.037648533,8.020436309
"GREM1","increased","Diabetes Mellitis",-3.85,-2.461,-1.389,2.107,2.732,1.297,6.073,4.684,2.223,7.084098768,5.314215924,3.809963495,7.071858518,6.404712899,6.436501688,4.743703943,5.840663217,7.06982917,5.152296597,5.569226609,6.257955429,6.848806873,7.76828278,6.328865961,7.424898285,6.449496647,7.905596549,2.436186927,4.351313741,7.257830981,6.547477864,3.170508835,5.197860419,3.978226805,5.221966142,3.986626744,1.406277477,2.447212526,4.003707171,2.158248653,0.436158066,0.442557096,2.97937865,0.434558309,5.697619513
"ACTA1","increased","Diabetes Mellitis",-1.083,-2.608,1.525,1.804,1.334,0.739,4.327,5.852,3.244,15.34886166,4.024509556,3.538287153,2.998649634,3.331364954,3.207494659,7.820464132,5.217230336,0.397763887,2.97937865,2.654638801,3.244968183,7.178909164,2.592178929,5.581902467,2.504361916,3.74256284,3.224946509,5.733273277,2.230442202,3.310221052,3.098847567,8.198063034,3.873361564,4.709594781,6.843169369,8.390375702,2.451590823,0.419360613,3.301384602,4.204476462,4.010916215,3.674483507,2.97937865,4.196658937,3.957134072
"COL6A5","increased","Diabetes Mellitis",-4.093,-0.39,-3.703,1.204,3.144,2.611,6.002,2.299,1.909,4.990298796,6.524495849,4.611453344,4.154835286,5.919503061,7.105350399,5.997889512,8.381987137,8.07354607,4.740758791,5.370816482,4.18413245,6.848806873,7.86987581,7.88185322,7.155093959,1.976491825,5.103922831,7.599067895,5.197445352,6.34809127,2.306343042,1.989117181,2.134593951,1.387928501,3.0005806,2.973400595,1.998084263,2.447212526,3.301384602,2.669862696,0.436158066,0.442557096,0.397763887,2.654638801,2.829306484
"LINC02133","increased","Diabetes Mellitis",0.61,-1.621,2.231,1.902,0.661,0.347,1.187,3.418,1.797,0.608075447,1.3812812,0.399363645,1.705805889,0.397763887,1.442815717,0.788927876,0.399363645,2.514336283,0.538265459,0.397763887,0.399363645,0.397763887,2.451590823,2.253845551,0.431358794,0.876175611,1.819868736,3.30437363,0.397763887,2.012436927,1.365201229,7.965758952,2.134593951,3.785704203,1.939208231,3.316068475,2.983332323,4.263050366,0.404162917,2.669862696,3.292087985,0.442557096,1.283524232,0.434558309,0.40256316
"RGS1","decreased","Diabetes Mellitis",2.693,4.943,-2.25,0.381,0.663,1.74,5.292,3.042,7.985,3.868859535,4.383082752,4.982576852,4.495764638,5.231776225,5.935359525,4.263050366,6.77808848,5.584042184,3.212672835,7.900453181,5.322412978,8.020436309,6.104776722,6.105066894,6.542456456,3.509227588,7.546324808,4.671411255,4.652172711,2.012436927,3.356967007,3.170508835,2.134593951,3.350319706,3.264534831,2.973400595,7.821770573,6.799525076,8.567215537,7.969303752,7.820464132,7.522326565,8.404501316,7.833266755,9.128226988
"ADAMDEC1","increased","Diabetes Mellitis",-2.236,1.511,-3.747,0.346,1.968,5.69,4.546,0.799,2.31,3.986626744,5.560727816,3.197097342,4.863434937,4.883616074,3.856091811,4.603667768,5.840663217,5.376969294,3.509227588,3.600766498,2.032767645,6.160632696,7.051040667,5.368031113,5.812513449,0.40256316,6.23860966,4.974651751,4.13182593,4.017255252,0.538265459,1.989117181,0.421760249,0.426559521,0.397763887,1.021751519,1.406277477,2.447212526,1.266313173,3.040142366,0.436158066,3.091121373,5.610871796,1.122646648,2.365146714
"RPS4Y1","decreased","Diabetes Mellitis",2.849,-0.876,3.725,1.087,0.717,0.66,7.224,10.949,10.073,12.37011816,12.17038554,12.06269557,12.29434886,12.47705598,13.32077771,2.353524895,2.012436927,1.911560965,12.0336095,12.0567618,0.399363645,0.397763887,2.078368242,0.399363645,12.28349346,1.976491825,13.1872982,1.911560965,0.397763887,13.60021085,12.34946087,12.2543075,12.22080929,3.785704203,12.96036377,12.1231992,11.97246871,12.17623809,3.799929183,12.06223313,3.292087985,11.9761254,11.67000658,11.88071289,11.82376548
"GSTM1","increased","Diabetes Mellitis",-1.255,2.698,-3.953,0.504,1.231,2.443,6.693,2.74,5.438,0.538265459,9.3391238,9.592220489,10.32221792,10.13038453,9.854313627,8.778940923,9.221480925,0.539065338,9.238073375,0.397763887,9.4996315,0.397763887,2.078368242,0.581817451,9.080126113,9.480288257,10.65310039,2.436186927,9.10536399,9.280144709,0.538265459,0.403363038,3.135256584,2.487612698,9.390722811,0.485446671,8.978611181,1.191490883,9.222544406,8.798495959,9.166980652,9.460636075,1.283524232,0.434558309,0.40256316
"ZFP36","decreased","Diabetes Mellitis",2.177,2.956,-0.779,0.781,0.839,1.074,11.317,10.538,13.494,11.00914079,11.50277944,11.06678769,11.50752033,11.39449949,11.30710512,11.19550926,11.57199107,11.04455717,11.18406349,13.1187774,10.8210019,11.6162666,11.30710512,11.46206983,11.51957016,10.51684266,11.29870671,11.37759098,11.39092327,10.44818322,10.6222766,10.1001641,10.62486799,10.9356686,10.30455389,10.63931553,12.91260272,12.02327883,13.32001221,14.07761832,14.10300429,13.32154321,13.22175983,13.40731241,15.05524628
"SLC2A3","decreased","Diabetes Mellitis",1.702,2.94,-1.238,0.742,0.85,1.147,9.677,8.439,11.379,9.461847298,9.767331372,8.759851372,9.280574618,9.789677991,9.702376584,10.48218373,9.756278115,9.540063254,9.421031766,9.892644128,8.930615574,10.2391436,9.785112835,9.972076384,10.82729269,8.480428623,10.05201828,10.25524347,9.6768887,9.146204298,8.584351713,8.289661518,8.439818747,8.403428775,8.577126186,8.338333129,11.28666319,10.05899565,12.13094599,12.92454834,11.28943709,11.39381065,10.37579785,11.23620477,11.71441484
"LOC101926964","increased","Diabetes Mellitis",-1.842,1.561,-3.403,0.606,1.465,2.419,5.802,2.399,3.96,5.713654378,5.560727816,4.177777078,5.462409296,6.829680305,6.411467652,5.497257858,7.797541614,7.285690559,3.864357507,5.529096207,5.152296597,6.95883003,5.885422472,6.961571924,6.77808848,4.730835927,5.5573194,4.103112795,6.23473351,5.346533134,4.878196784,2.654638801,4.027248285,0.426559521,1.387928501,1.021751519,3.969236233,4.617246683,3.570243438,3.904004964,4.316935937,3.904004964,3.767382294,4.037543861,3.554440151
"LOC101927136","decreased","Diabetes Mellitis",2.869,-0.605,3.474,1.079,0.625,0.579,4.772,8.246,7.641,3.986626744,2.777862212,6.740304331,6.703449004,4.466830015,4.447918473,2.650776869,4.298834237,2.514336283,3.74256284,5.213831017,7.49162907,4.827139037,4.437317079,6.019528788,2.880966757,7.720040041,4.608249468,4.912920219,5.522650574,4.240585979,7.352853278,8.727962981,8.843544751,8.003255066,8.630970634,7.914786299,6.237960361,9.175175416,8.148212761,7.60874076,6.71090155,9.23491085,6.159082411,8.225429324,7.271414855
"LTF","increased","Diabetes Mellitis",-3.337,0.103,-3.44,0.989,1.34,1.354,13.145,9.705,9.808,14.10909216,13.70227951,11.28960309,14.02508758,13.54023527,15.34886166,12.68370607,13.16238248,14.28539008,12.74124292,13.22175983,9.589729506,14.17252016,11.46815228,13.91295651,14.58972442,9.552117276,11.77462379,17.28196875,12.49647462,13.09495053,10.39922949,10.95659479,8.974557643,8.609380498,8.760739662,10.53114682,9.440766719,8.246986886,9.394444826,11.9082495,8.896308964,9.734544393,11.91828036,7.794863746,10.93639349
"ADAMTS4","decreased","Diabetes Mellitis",1.596,3.343,-1.747,0.659,0.837,1.27,8.22,6.473,9.816,6.96652251,9.167656254,6.804042347,7.680565385,8.643150414,8.514055595,7.75796721,9.182436526,8.12340908,9.139439082,7.693614891,5.556676405,10.25023179,8.196921118,8.603382842,9.497042268,6.603557234,7.355977006,10.24778002,9.346232114,7.29917233,6.922021055,6.129997918,6.860378057,5.787491425,6.666673288,6.47217857,8.587497536,7.88521287,10.48254737,11.98134924,8.607461777,8.849864197,10.78947264,8.94567127,12.21371188
"SRRM4","decreased","Diabetes Mellitis",4.112,0.075,4.037,0.99,0.462,0.467,3.538,7.575,7.65,2.769487603,3.633229056,6.784768407,4.60935761,2.769487603,0.849531882,2.807771653,3.51372621,0.397763887,3.081863027,3.87914731,6.946426128,0.397763887,5.483157035,1.8756988,3.207494659,5.619184827,2.760054933,2.436186927,3.79572521,6.68568224,7.733233791,8.283015407,8.25096286,7.895542435,5.797667936,7.491997379,7.674079072,7.097292154,8.157700979,8.08200824,7.831409879,6.865605315,7.902544249,7.939761189,7.302396745
"ADIPOQ","increased","Diabetes Mellitis",-3.096,-3.503,0.407,4.582,4.166,0.909,4.074,4.481,0.978,7.213216635,10.79368286,6.333748712,7.712522979,0.876175611,0.397763887,5.154120018,0.645282934,0.539065338,0.397763887,0.397763887,3.244968183,3.899470158,8.243249139,0.399363645,0.397763887,0.876175611,3.922736281,6.455941153,7.824123106,9.834696604,0.538265459,6.912037359,1.090079389,1.387928501,8.271156146,8.687331532,0.404162917,1.191490883,1.266313173,0.404162917,1.654634553,1.616081744,0.397763887,1.122646648,0.746672846
"TNFRSF13B","increased","Diabetes Mellitis",-2.443,1.064,-3.507,0.602,1.914,3.181,5.115,1.608,2.672,5.862684007,3.905567504,3.922736281,6.237591935,5.633877434,3.856091811,5.458283212,6.976706114,4.985297707,2.533743319,5.569226609,4.449290221,7.345152681,5.728357638,5.61485414,5.915013049,3.969236233,7.054656522,3.785704203,5.151359527,3.460312945,2.637020426,0.403363038,2.69459396,0.426559521,2.462954459,1.021751519,2.669862696,2.447212526,5.983387752,2.158248653,0.436158066,0.442557096,2.376768533,2.654638801,4.877217949
"ATF3","decreased","Diabetes Mellitis",3.367,4.416,-1.049,0.62,0.71,1.146,8.256,7.207,11.623,7.656132734,8.295051468,7.767067131,7.858064509,7.982145924,8.565818561,7.85640938,8.355213037,8.242579061,8.168758238,10.1460226,7.658450803,8.678643962,7.592182086,8.081546119,8.515112709,7.475365971,8.146194521,9.151175564,8.799859707,8.394065313,7.507419399,7.069170672,7.381491561,7.384126979,6.993012384,6.90446026,11.68679252,11.01404191,10.75406366,11.8431596,12.71844614,11.50705763,10.22742615,12.06269557,12.78930985
"ATF6B","increased","Diabetes Mellitis",-1.901,-3.143,1.242,1.873,1.528,0.816,5.503,6.745,3.602,6.776689858,6.690314592,6.894170244,7.556536568,7.428343346,0.397763887,7.45316142,6.013622471,0.539065338,5.618866482,5.65738101,5.934529391,8.345263472,0.397763887,5.653703683,7.374456247,8.004857105,6.763517732,5.65738101,0.538265459,5.864606687,6.800518473,7.007772062,6.427722474,8.01958018,6.376051217,5.839359387,0.788927876,7.970194487,1.266313173,0.404162917,1.654634553,6.92842557,0.485446671,7.169778796,5.751739612
"C11orf87","decreased","Diabetes Mellitis",2.972,-0.591,3.563,1.096,0.517,0.471,3.176,6.739,6.148,4.534858576,2.777862212,7.475109358,3.197097342,3.17860443,2.158248653,0.788927876,2.012436927,0.539065338,0.397763887,2.840255054,4.886056057,2.998649634,4.123659967,1.8756988,3.816447167,5.495287309,3.922736281,1.365201229,2.69459396,5.609946628,4.180068372,7.809792412,7.624866217,6.513865283,7.435745035,6.866819202,6.53062033,7.67220104,6.322450321,5.697619513,5.652425263,6.385494344,4.98945788,6.20094042,5.88468562
"MB","increased","Diabetes Mellitis",-0.898,-2.568,1.67,2.356,1.474,0.626,2.792,4.462,1.894,12.8131103,0.704417815,0.517137944,0.397763887,2.032767645,2.540986841,4.501503704,4.373161856,2.987285997,0.397763887,1.365201229,2.376768533,5.918696065,1.654634553,1.8756988,1.635358149,1.976491825,2.012436927,1.365201229,2.230442202,4.956616434,2.860378111,6.39631045,4.479988842,1.387928501,5.729925161,5.916543851,0.404162917,0.419360613,2.947955558,2.158248653,3.612535778,1.616081744,1.939208231,1.122646648,2.829306484
"STMN2","increased","Diabetes Mellitis",-2.567,-0.215,-2.352,1.25,3.985,3.188,3.427,1.075,0.86,5.105318298,2.654638801,3.376495105,2.708146745,4.271576041,5.421338247,3.685518103,4.373161856,5.155943439,0.397763887,3.282401135,1.762438914,5.264840658,4.187430557,5.61485414,6.451753976,0.876175611,2.992002333,0.399363645,1.976491825,2.012436927,1.365201229,0.849531882,0.421760249,1.387928501,1.939208231,0.485446671,0.788927876,0.419360613,1.266313173,1.04900997,1.654634553,0.442557096,1.283524232,0.434558309,0.40256316
"CCL19","increased","Diabetes Mellitis",-4.054,-0.471,-3.583,1.075,1.644,1.53,10.345,6.762,6.291,10.0214948,10.48416946,9.109733197,10.59952773,11.79394192,10.95905846,11.09814066,12.22853843,10.6464741,10.55475453,9.583477391,9.041688326,12.32660391,11.62473783,11.31737264,11.39722801,6.827047665,12.9466136,5.075601443,8.14611513,11.46565072,6.978780119,5.160938999,6.663742294,7.069009151,9.204296581,5.494251537,6.556142938,6.338748949,5.840430671,4.844133449,6.28765358,6.703280856,6.827047665,6.07708944,7.148126564
"TTTY14","decreased","Diabetes Mellitis",2.857,-0.344,3.201,1.044,0.637,0.61,5.005,8.206,7.862,8.960718522,8.931478362,9.135809131,9.032894077,8.892731428,9.25836157,0.788927876,0.645282934,1.369917564,9.081774445,9.032232083,0.399363645,0.538265459,0.445756611,0.581817451,8.55545316,0.40256316,8.679063056,0.607275569,0.538265459,9.233652504,9.625008604,9.729307377,9.632953827,1.387928501,9.571681075,9.28947145,9.247765619,9.649851033,2.947955558,9.517400891,1.654634553,9.352935438,9.410199478,9.480728965,9.496765026
"GSTT1","decreased","Diabetes Mellitis",2.807,-0.792,3.599,1.086,0.696,0.641,6.415,10.014,9.222,0.436158066,11.09334572,11.05162713,1.3812812,10.89036591,0.451355762,10.34880538,10.96223947,1.369917564,11.05857673,0.923946856,0.399363645,11.2088608,0.849531882,10.73510327,10.69603848,11.7278434,0.923946856,2.436186927,12.32002562,3.460312945,12.38943939,11.30931648,2.134593951,11.19706919,11.79273966,11.26100271,12.06580418,11.26464097,0.404162917,11.07569373,11.28718087,2.58224178,11.10215284,11.22764781,11.98651769
"MIR3189","decreased","Diabetes Mellitis",3.397,3.212,0.185,0.581,0.557,0.958,4.266,4.451,7.663,2.97937865,3.633229056,4.838628368,4.319617393,3.748914742,4.447918473,5.305720231,4.98945788,4.861853255,5.746578992,4.785947706,3.87914731,5.028081685,2.769487603,4.318276665,4.487609391,5.059598462,3.464188365,6.002469741,4.513837929,0.398563766,4.549394947,4.09245356,4.351313741,4.511066048,5.053473161,4.149542017,8.065247644,8.228199415,7.669891727,8.897080038,8.278709922,7.63842999,4.727863035,7.629306157,7.833015681
"CSNK2B","increased","Diabetes Mellitis",-1.086,1.554,-2.64,0.52,1.335,2.568,4.324,1.684,3.238,0.397763887,7.313045945,0.517137944,0.397763887,6.212314689,0.451355762,6.552234516,7.34121644,7.153296236,7.41517509,6.20094042,5.763908073,6.104776722,0.445756611,7.361599688,6.451753976,0.876175611,0.451355762,0.607275569,5.653703683,7.129529884,0.538265459,0.849531882,1.090079389,0.426559521,0.538265459,6.660444426,6.731137446,1.191490883,1.266313173,7.570468979,8.499075382,1.616081744,0.397763887,1.122646648,0.746672846
"CTLA4","increased","Diabetes Mellitis",-1.283,2.193,-3.476,0.481,1.304,2.709,5.51,2.034,4.227,5.713654378,5.151359527,4.542370466,5.093924519,6.34809127,6.157385979,5.997889512,6.144951305,5.333809569,3.864357507,5.701407153,4.936463393,7.155740294,5.82764932,5.983387752,6.691473651,3.261214595,7.512053972,3.876254437,4.231529702,6.176063649,0.538265459,0.849531882,0.421760249,2.97937865,3.597108224,3.816447167,2.983332323,3.421145623,4.904415591,4.346836863,5.062515722,3.091121373,5.056198999,3.612535778,5.566564234
"MYBPC1","increased","Diabetes Mellitis",-1.462,-3.388,1.926,3.826,2.219,0.58,2.661,4.587,1.199,14.33092134,2.487612698,1.740769703,1.042362669,0.876175611,0.451355762,5.916543851,2.242143876,0.539065338,0.397763887,0.485446671,2.032767645,5.783097152,0.849531882,3.515999217,2.504361916,0.40256316,2.760054933,4.974651751,0.538265459,2.012436927,1.365201229,7.382723758,4.027248285,1.387928501,6.119404537,7.239572397,0.404162917,1.191490883,0.404162917,1.04900997,1.654634553,0.442557096,1.283524232,2.654638801,1.705805889
"MYCNOS","decreased","Diabetes Mellitis",2.269,-0.712,2.981,1.117,0.628,0.563,3.833,6.814,6.102,4.212293986,3.301384602,4.982576852,5.60820243,4.747057515,4.144849952,3.040142366,2.012436927,2.650776869,2.72867262,5.418447844,5.631979349,1.397102989,4.035016674,3.073819626,1.893629882,6.343093134,5.103922831,2.764771268,3.79572521,3.600766498,7.470651045,6.969254319,6.840615627,5.649440088,7.134797411,6.820703261,6.105066894,6.109297889,5.876104227,5.658772774,6.885903317,7.146334482,5.16697484,6.547871345,5.418447844
"MYL2","increased","Diabetes Mellitis",-1.054,-3.175,2.121,3.735,1.908,0.511,2.215,4.336,1.161,13.79708168,0.435358187,2.662250748,0.538265459,0.447356368,0.451355762,3.980957649,4.501503704,2.514336283,0.436158066,0.397763887,1.365201229,3.980957649,0.849531882,3.073819626,0.431358794,0.876175611,0.451355762,2.764771268,0.538265459,2.012436927,0.538265459,6.154243856,5.401678517,1.387928501,6.391545407,6.140356229,0.404162917,1.191490883,1.266313173,1.04900997,1.654634553,0.442557096,0.485446671,1.122646648,2.829306484
"CXCL13","increased","Diabetes Mellitis",-1.521,1.148,-2.669,0.405,1.789,4.422,3.449,0.78,1.928,5.98105619,3.633229056,1.740769703,2.840255054,6.740524391,2.158248653,3.685518103,3.992474167,1.369917564,5.152296597,0.397763887,0.619439084,7.465422793,2.592178929,0.581817451,4.560836361,0.876175611,8.878709687,4.190317439,2.960678077,2.012436927,0.397763887,0.403363038,0.421760249,1.387928501,1.04900997,1.021751519,0.404162917,2.447212526,0.404162917,1.04900997,2.708146745,0.442557096,5.215603801,1.122646648,3.554440151
"CCL21","increased","Diabetes Mellitis",-3.3,-0.258,-3.042,1.033,1.418,1.373,11.198,8.156,7.898,11.07165236,11.28886011,10.28626135,11.49438369,12.3183597,12.15781124,10.31452293,12.63002596,12.04785288,10.60043578,10.48597668,10.05657564,12.8801756,11.93137424,12.02538544,12.13388971,8.752722188,13.15458398,9.077616886,9.548501212,10.90869608,8.584351713,6.666443994,8.25096286,8.683775504,8.99905969,7.748919746,8.241317762,7.367030562,7.789850747,7.437881034,7.755359926,7.917563326,8.428800782,7.960079968,8.180602823
"CXCL2","decreased","Diabetes Mellitis",1.168,2.897,-1.729,0.622,0.848,1.362,6.502,4.773,7.67,6.538688503,6.674993257,6.185063922,5.152296597,6.898593842,7.621020459,6.683782191,6.96471298,6.196799484,7.326144155,7.287798944,4.517928354,7.057216344,5.585550566,6.453645636,6.588354096,5.741918732,6.453645636,7.731747938,6.210079129,6.666443994,4.757084109,4.249633924,3.672920967,5.2029652,5.414302024,5.341451493,6.161409781,5.623003059,7.296395002,8.90308948,8.568299586,8.006701691,7.418193371,6.802710735,10.24940459
"CXCL6","increased","Diabetes Mellitis",-2.969,1.064,-4.033,0.779,1.617,2.077,7.779,3.746,4.81,7.914216145,8.732066296,4.838628368,6.639842711,9.300735118,9.805398779,6.552234516,8.857353895,9.096776512,6.183906,8.267949854,4.98945788,9.427460178,7.794592268,8.61005034,8.742373784,6.449496647,8.777240335,6.600294863,7.340629313,8.448678668,5.759093696,4.63956861,0.421760249,4.39629983,3.945103895,3.316068475,4.658244313,3.421145623,3.301384602,6.162500831,4.456702013,5.45688316,5.372307897,4.196658937,6.267665482
"HCRTR2","decreased","Diabetes Mellitis",2.778,-0.624,3.402,1.127,0.436,0.387,2.148,5.55,4.926,6.478057001,1.54665979,2.032767645,0.397763887,1.397102989,0.849531882,1.854160221,0.399363645,2.253845551,2.97937865,2.186361507,3.992474167,0.538265459,1.868382253,0.399363645,1.283524232,5.543912259,2.529026984,2.97937865,1.591368981,2.012436927,4.180068372,7.382723758,4.956616434,5.751739612,4.915226356,6.112636244,5.407554566,5.835143701,5.104620564,5.273028493,5.357468636,5.618548137,3.767382294,4.763946886,3.207494659
"CYP4A22","decreased","Diabetes Mellitis",1.959,-0.98,2.939,1.09,0.82,0.752,8.926,11.865,10.885,7.580012825,9.322385856,11.66574466,10.93940914,6.603557234,9.299331178,8.212942667,6.900106128,6.930964257,7.697687259,7.447411073,12.04962488,8.334355767,12.23659533,7.712522979,9.11718695,10.85286795,9.609990569,6.619344412,8.485564309,9.832869914,13.73570465,10.53600437,12.37095622,10.00372602,12.28624552,12.25883598,9.426565093,12.60265633,12.67342687,8.816256162,8.761718034,12.0370947,10.74187672,12.08223346,10.82560485
"CYR61","decreased","Diabetes Mellitis",2.068,2.886,-0.818,0.782,0.844,1.079,11.148,10.33,13.216,10.76907147,11.00542169,11.12997286,11.17447398,10.69528612,11.77422167,10.31946581,11.08751734,11.14501124,12.07538793,12.26162338,11.17288466,10.91773849,10.58606919,11.62473783,11.24193882,10.28595626,11.09583264,12.28909398,10.66311947,10.80269652,10.57320794,10.39857088,10.55325497,9.880455325,10.02670763,10.55020627,13.390652,12.23347697,13.21722252,12.75824131,13.7397673,12.988088,13.02095808,13.0876308,14.50421105
"USP9Y","decreased","Diabetes Mellitis",3.5,-0.151,3.651,1.014,0.669,0.66,7.079,10.73,10.579,12.17038554,11.92579836,12.00961813,12.15835798,12.04635326,11.81258679,1.854160221,0.399363645,1.369917564,12.27444656,12.27295876,2.807771653,1.397102989,2.078368242,0.399363645,12.17484714,0.876175611,12.24102187,2.436186927,1.976491825,11.98090284,12.03685043,12.31298746,11.95910231,3.785704203,12.15503944,12.12943425,12.3817516,12.52383229,4.63467479,12.46493567,4.160128555,12.36823278,12.26728773,12.16568367,12.24653343
"MYLK2","increased","Diabetes Mellitis",-0.666,-1.67,1.004,1.809,1.323,0.731,2.731,3.735,2.065,9.326897487,1.54665979,0.399363645,0.397763887,2.447212526,4.18413245,4.353691548,3.51372621,3.816447167,1.397102989,2.353524895,1.762438914,3.600766498,2.451590823,1.8756988,2.72867262,2.524310649,2.012436927,3.478989176,1.157068766,2.012436927,2.306343042,4.09245356,3.672920967,3.978226805,4.089789182,4.271576041,3.860224659,0.419360613,2.462954459,2.669862696,0.436158066,3.091121373,1.283524232,2.654638801,1.705805889
"DCANP1","increased","Diabetes Mellitis",-3.798,-1.207,-2.591,1.387,2.218,1.599,6.917,4.326,3.119,6.96652251,6.690314592,5.497257858,7.195536144,8.204565935,7.063188377,8.114496386,9.465751488,7.16829499,5.199075364,6.312456567,5.763908073,8.07012173,8.505713546,8.423018981,8.406450728,5.105318298,8.089865415,4.447918473,4.847241442,5.728357638,4.110668617,4.63956861,5.292908511,4.39629983,5.053473161,2.462954459,3.860224659,0.419360613,4.63467479,3.904004964,0.436158066,3.091121373,4.09245356,3.376495105,4.256894994
"NR4A1","decreased","Diabetes Mellitis",4.712,4.977,-0.265,0.657,0.675,1.028,9.799,9.534,14.511,9.652199984,10.79812088,9.95749933,9.274544594,9.674947126,9.637751002,8.9372683,9.441861924,9.565760861,9.846661755,10.49032751,9.910499786,11.63562253,9.923560894,9.192890255,10.06839338,9.779653761,8.946589251,9.332249869,11.26048167,8.457368668,9.634345153,9.212866742,9.974411136,9.987346602,9.139439082,9.252668698,14.4456073,13.72925867,14.54378978,14.54807576,14.84354324,14.10909216,13.89744105,14.41095,16.07538853
"HLA-DPB1","increased","Diabetes Mellitis",-1.755,1.858,-3.613,0.811,1.178,1.453,11.594,7.981,9.839,12.79744818,11.91364097,11.16000225,12.88473146,13.61053798,13.00524951,8.225429324,4.149542017,12.54572576,12.0797232,8.814760579,11.269613,12.72778541,12.10428216,12.83565206,13.4481501,10.96475245,13.01161175,11.13901574,11.23479594,13.54501914,7.770540741,6.330405368,4.183246058,11.70336937,7.504284917,10.39421746,11.43697604,11.34272195,10.70451628,10.72012648,10.68863396,10.4552338,1.283524232,11.30985077,10.60933261
"IGLL5","increased","Diabetes Mellitis",-3.665,-0.063,-3.602,1.007,1.399,1.389,12.855,9.253,9.19,9.978934568,12.77080493,8.755262875,14.11218704,11.52940385,14.02228149,12.83770759,14.20517835,13.80691667,10.32755315,13.34657185,11.25252922,15.06858786,13.70672415,15.24279998,14.17252016,9.484837499,13.24480165,13.11418127,14.915698,14.05892272,9.922672904,9.086390265,6.387539847,11.29256697,10.34763237,8.47954526,10.1302215,6.955624051,12.36479344,7.938340286,8.075519652,7.364522918,10.0266517,8.425301776,11.43175628
"CCL3","decreased","Diabetes Mellitis",1.453,3.385,-1.932,0.5,0.785,1.57,5.32,3.388,6.773,4.698918153,5.560727816,4.048778622,3.421145623,6.375698638,6.654139977,5.053473161,5.926498858,5.756593252,4.955007674,7.433303503,3.406927339,5.565921239,5.376969294,5.87001348,5.100050992,4.246265822,4.933155652,6.10985839,4.847241442,6.371964739,2.637020426,2.654638801,2.69459396,4.781733641,3.945103895,3.612535778,6.189290945,5.835143701,6.268252176,6.191338926,8.857711124,6.7638881,5.372307897,6.737159978,8.73778906
"ITLN1","decreased","Diabetes Mellitis",2.67,-0.567,3.237,1.094,0.557,0.509,3.36,6.597,6.03,2.02678959,2.487612698,6.436501688,6.127032905,3.17860443,3.936397297,2.353524895,3.35397798,4.027248285,3.212672835,2.186361507,3.651569895,0.397763887,4.74997253,0.581817451,2.203314383,6.38683469,3.680782075,0.607275569,4.513837929,4.45878505,5.259809845,5.65949343,10.58445977,5.537832656,6.192786532,6.34809127,5.584042184,11.7712865,4.364101492,5.331806313,5.565921239,7.466368669,3.597108224,4.359322763,6.226890657
"DDX3Y","decreased","Diabetes Mellitis",3.311,-0.3,3.611,1.031,0.663,0.644,6.523,10.134,9.834,11.49368154,11.14245796,11.40881504,11.43366856,11.25943152,11.18636295,2.650776869,0.645282934,0.539065338,11.40600453,11.57350003,1.365201229,0.397763887,0.849531882,1.090079389,11.58340784,3.261214595,11.53671931,0.399363645,0.397763887,11.35760157,11.40513455,11.54199925,11.2504417,3.978226805,11.26728852,11.36094223,11.63901262,11.76039366,3.301384602,11.85737669,3.292087985,11.47682522,11.66206902,11.51644952,12.00171016
"JUNB","decreased","Diabetes Mellitis",1.704,3.012,-1.308,0.766,0.868,1.132,11.194,9.886,12.898,10.81658843,11.33793396,10.41588371,10.741701,11.26428578,11.78677388,11.30785783,11.6559835,11.11453623,11.28567971,12.72715646,10.16891378,11.73060093,10.91264972,11.53693341,11.03993564,10.00608258,11.00665941,12.20334344,11.25784269,10.75374969,9.941052689,9.043537108,10.14532264,9.862324547,10.29350222,10.03052808,12.47114076,11.51071974,13.40457961,13.77677413,13.15570213,12.77846507,12.19450953,12.93910627,13.84707024
"KCNQ2","increased","Diabetes Mellitis",-1.391,0.131,-1.522,0.836,2.743,3.282,2.189,0.667,0.798,1.705805889,1.055657271,0.945074371,1.042362669,1.397102989,0.397763887,5.678335891,0.399363645,2.253845551,2.283226954,3.282401135,0.399363645,1.397102989,2.078368242,5.104620564,1.283524232,1.976491825,3.788994051,6.953746649,0.538265459,2.012436927,1.365201229,0.849531882,0.421760249,0.426559521,0.538265459,0.399363645,0.404162917,0.419360613,0.404162917,1.04900997,1.654634553,0.442557096,1.283524232,1.122646648,0.40256316
"UTY","decreased","Diabetes Mellitis",3.183,-0.355,3.538,1.035,0.69,0.667,7.091,10.629,10.274,11.95511652,11.53919548,11.82796125,11.99818114,12.00189823,11.48804087,2.353524895,2.540986841,0.397763887,11.87538665,12.20334344,1.762438914,2.451590823,1.365201229,0.399363645,12.15115858,3.261214595,12.08618465,2.436186927,1.157068766,11.66086928,11.7697902,12.22669791,11.91306557,4.147195984,11.92760862,11.78878082,12.10352378,12.19310574,3.799929183,12.16167461,4.456702013,12.03553601,12.02634725,11.8462577,11.84170553
"CFHR1","increased","Diabetes Mellitis",-3.903,-1.219,-2.684,1.374,2.196,1.599,7.166,4.482,3.263,6.270311024,6.674993257,5.60820243,6.338748949,8.426464437,9.003624471,5.101109053,7.934925303,9.177859132,7.350489434,6.261884497,5.66398379,8.231222723,6.330827143,7.387432416,8.40042369,5.994315196,7.566016228,7.413853623,5.362322404,9.984478145,4.819557423,4.09245356,5.084436604,5.152296597,4.428714542,3.316068475,4.425502949,4.804177949,3.570243438,0.404162917,3.292087985,2.58224178,2.69459396,4.763946886,2.829306484
"CIDEA","increased","Diabetes Mellitis",-1.159,-2.212,1.053,3.075,2.087,0.679,2.225,3.278,1.066,1.33296826,8.301693924,2.032767645,4.063750197,0.447356368,0.451355762,2.353524895,0.645282934,0.539065338,0.436158066,0.485446671,1.762438914,1.397102989,5.5573194,0.399363645,0.431358794,1.976491825,0.397763887,0.399363645,5.197445352,8.11464901,0.538265459,5.078758139,2.134593951,0.426559521,5.772655594,5.718235883,0.788927876,1.191490883,1.266313173,1.04900997,0.436158066,1.616081744,0.485446671,2.012436927,0.746672846
"CIDEC","increased","Diabetes Mellitis",-2.843,-3.226,0.383,4.836,4.38,0.906,3.684,4.067,0.841,6.196266326,8.2084935,5.997889512,5.41360429,0.397763887,2.158248653,4.676090506,0.399363645,1.369917564,0.538265459,1.365201229,1.365201229,1.397102989,6.99364772,0.581817451,0.671126785,1.976491825,4.121132781,6.600294863,7.489518992,9.442896621,0.538265459,6.100210495,2.69459396,0.426559521,7.220254847,7.419944487,0.404162917,1.191490883,1.266313173,2.158248653,0.436158066,0.442557096,0.485446671,0.434558309,0.746672846
"DUSP1","decreased","Diabetes Mellitis",3.09,3.438,-0.348,0.748,0.774,1.034,10.576,10.228,13.666,10.17494335,10.6469643,10.30156384,9.658895394,10.09353116,11.06986166,11.09021416,10.40965448,10.04654934,10.60723062,13.01273051,10.33000987,11.2151335,10.07039151,10.19468736,10.53432353,10.73385126,10.22606513,10.76763681,10.58898536,10.33034136,10.04627332,9.747046617,10.46670755,10.40021796,10.66408575,10.04544124,13.82252965,13.12461169,14.06160767,14.29841684,14.09490405,13.5472206,12.72650286,13.46086166,13.86009234
"CLC","increased","Diabetes Mellitis",-1.942,0.876,-2.818,0.424,2.276,5.362,3.464,0.646,1.522,2.769487603,2.892380915,0.399363645,0.397763887,3.17860443,6.267078787,6.719081162,7.192661237,7.257830981,2.72867262,1.966855497,0.619439084,1.8756988,5.412558884,4.852808619,4.149542017,0.40256316,5.284455867,2.764771268,1.591368981,4.017255252,0.397763887,0.403363038,1.090079389,0.426559521,0.538265459,1.021751519,0.788927876,2.447212526,1.266313173,1.04900997,1.654634553,0.442557096,0.485446671,2.012436927,3.554440151
"DUSP13","increased","Diabetes Mellitis",-0.229,-0.936,0.707,1.828,1.202,0.658,1.36,2.067,1.131,7.531534727,0.397763887,0.517137944,0.538265459,0.397763887,1.442815717,3.584725954,1.566656218,0.539065338,0.876175611,0.397763887,0.619439084,0.538265459,1.365201229,2.650776869,0.397763887,0.876175611,0.397763887,1.365201229,0.538265459,2.012436927,1.966855497,0.849531882,2.69459396,2.487612698,1.939208231,2.462954459,0.788927876,1.191490883,2.462954459,1.04900997,0.436158066,0.442557096,1.939208231,1.122646648,0.746672846
"CLEC4C","increased","Diabetes Mellitis",-3.171,0.131,-3.302,0.917,3.002,3.273,4.755,1.453,1.584,4.428714542,4.729598477,2.662250748,4.243738635,5.477232986,4.674959418,5.942183178,8.757712845,6.982849207,1.397102989,4.542370466,3.244968183,7.115649869,7.176989067,6.600294863,6.379111209,2.524310649,4.988814885,1.365201229,1.591368981,5.036668488,1.966855497,1.989117181,1.090079389,0.426559521,2.760054933,0.485446671,1.998084263,1.191490883,2.947955558,0.404162917,2.708146745,0.442557096,2.69459396,1.122646648,0.746672846
"DUSP2","decreased","Diabetes Mellitis",1.622,3.069,-1.447,0.636,0.808,1.269,6.819,5.372,8.441,6.695364479,6.218105582,6.15758232,6.862110698,7.166564721,7.210470429,7.297892381,7.880617626,6.8017545,5.581902467,7.348581752,6.225156473,8.048650775,7.01424231,7.289766218,6.966957608,6.086686109,7.951100065,5.827342876,6.124367429,6.453645636,5.338067532,5.279059549,5.604067587,5.393682728,5.561965266,5.05483608,8.026616607,6.955624051,8.768995972,8.690711319,7.246607894,8.347686141,8.631608123,9.812143736,9.493394041
"EGR1","decreased","Diabetes Mellitis",3.654,5.332,-1.678,0.612,0.734,1.2,10.072,8.394,13.726,9.805294733,10.45391038,9.6768887,9.803062427,10.09512958,9.873972515,9.428254033,9.47206387,9.5682159,11.07667764,12.95608787,9.101395772,10.73962567,10.01567876,10.85420571,11.0463214,8.117618137,9.094643565,10.91994995,10.67801817,8.739775195,9.128902758,8.355939888,8.352077047,8.041655457,7.683925024,8.798573102,12.84114083,12.60505887,13.85462971,14.01616057,14.70232099,13.66937897,12.96036377,13.60353563,15.27736572
"PI3","increased","Diabetes Mellitis",-0.132,1.407,-1.539,0.382,1.058,2.767,2.41,0.871,2.278,0.966201886,1.3812812,2.976389622,1.042362669,2.976389622,3.491091337,5.778905114,2.429539626,2.253845551,2.97937865,0.923946856,0.619439084,1.397102989,1.868382253,3.418956474,2.203314383,0.40256316,1.365201229,4.447918473,2.960678077,4.730835927,1.365201229,1.989117181,0.421760249,0.426559521,0.538265459,0.485446671,0.404162917,3.421145623,1.266313173,2.669862696,0.436158066,2.58224178,7.580012825,0.434558309,1.705805889
"PLA2G2D","increased","Diabetes Mellitis",-1.511,1.767,-3.278,0.563,1.374,2.441,5.553,2.275,4.042,5.569897532,5.098992931,4.472279321,6.759605362,6.915085066,5.160938999,5.305720231,6.092767753,5.02616628,4.149542017,4.918971843,4.18413245,8.080878936,6.468817679,6.129017773,7.070096833,3.969236233,8.012156998,1.911560965,6.025026039,5.284905053,2.637020426,1.989117181,2.69459396,4.147195984,0.397763887,1.78696652,3.969236233,3.0005806,7.20116429,2.669862696,4.160128555,3.091121373,4.662966385,2.654638801,4.964653917
"EGR2","decreased","Diabetes Mellitis",1.147,3.061,-1.914,0.612,0.854,1.397,6.734,4.82,7.881,6.605987,7.268596954,5.407554566,6.307783182,7.061527658,6.990591746,7.163665768,6.654139977,6.098843363,7.133392582,7.230476832,5.247727851,7.559201758,7.123708634,8.423018981,7.324964824,5.303686381,7.020811263,7.28276861,7.095132222,5.10162955,5.655211268,4.816857144,4.763946886,4.938253861,4.760050632,3.986626744,6.411467652,6.142641013,8.403428775,7.598694214,9.397048383,7.845894521,7.790069555,6.603190695,10.73617318
"EGR3","decreased","Diabetes Mellitis",2.108,3.315,-1.207,0.602,0.747,1.24,6.231,5.024,8.339,6.304624909,6.674993257,5.655517712,6.237591935,6.654139977,6.371428026,6.349886783,5.955066757,5.827342876,6.211366108,6.312456567,4.67931586,7.057216344,7.157051568,7.138313347,6.728659439,5.201814608,6.493924747,6.314390548,7.281304052,4.240585979,5.535600133,5.078758139,5.03110201,5.015076338,4.760050632,4.724027488,7.495686614,5.97280008,8.819425826,7.675768286,9.019738758,8.160803785,8.844601468,7.770385712,11.2937262
"FAM30A","increased","Diabetes Mellitis",-2.943,0.437,-3.38,0.931,1.463,1.572,9.294,5.914,6.351,9.770018307,8.736856168,6.913985397,10.43566691,9.621445482,8.499498346,9.930914177,10.29698837,9.281667454,7.36197875,9.317181623,8.215750481,10.87143543,10.77724579,11.24471698,9.924370479,5.775384115,10.23222226,8.241578804,10.325722,9.389603056,6.423509742,5.230057565,4.863434937,6.897958396,6.192786532,5.876104227,7.411715547,4.511066048,8.350183296,6.746136764,5.840663217,3.674483507,6.863158643,5.478157402,8.285258313
"RDH8","decreased","Diabetes Mellitis",1.232,-2.066,3.298,1.426,0.746,0.523,3.62,6.918,4.852,5.862684007,0.435358187,4.290122222,6.541266782,2.447212526,0.451355762,7.07398402,2.012436927,1.369917564,7.169778796,8.543033645,4.763946886,0.538265459,1.365201229,3.799929183,6.401147436,2.932638381,0.451355762,0.399363645,7.168583877,2.012436927,5.098992931,5.372307897,4.956616434,7.585899507,8.588389733,9.908060789,5.098992931,5.358534795,5.049927593,6.261884497,4.79264792,2.58224178,3.87914731,7.088858428,3.554440151
